"No.","Ticker","Market Cap","Shares Outstanding","Shares Float","Insider Ownership","Insider Transactions","Institutional Ownership","Institutional Transactions","Float Short","Short Ratio","Average Volume","Price","Change","Volume"
1,"A",40833.41,296.00,294.19,0.30%,-21.62%,90.70%,-3.26%,1.27%,2.61,1431.21,138.03,-0.04%,1158389
2,"AAL",9067.55,650.95,642.23,0.10%,-14.05%,55.50%,1.47%,9.12%,2.42,24148.92,14.01,0.86%,14041168
3,"AAP",7125.54,59.44,58.78,0.20%,0.00%,98.16%,-3.53%,5.90%,2.55,1359.83,120.69,0.40%,1029565
4,"AAPL",2591002.55,15892.72,15810.14,0.07%,-5.29%,60.10%,-0.47%,0.68%,1.61,66838.40,164.66,0.55%,45337673
5,"ABBV",283673.73,1771.00,1761.50,0.13%,-12.36%,70.90%,0.10%,0.80%,2.21,6366.93,161.55,0.47%,5498027
6,"ABC",33850.56,204.03,162.29,0.20%,-97.94%,72.40%,0.01%,2.10%,2.64,1289.90,166.35,-0.60%,857766
7,"ABT",181111.28,1743.37,1730.77,0.40%,-1.14%,76.20%,0.27%,0.74%,2.43,5289.12,104.93,0.69%,5065004
8,"ACGL",25551.23,365.87,358.48,0.90%,-3.48%,90.70%,-0.11%,1.85%,3.11,2127.67,68.94,0.51%,1979161
9,"ACN",186409.35,662.60,661.59,0.10%,-12.30%,75.40%,1.16%,0.86%,2.34,2423.09,281.70,0.13%,2125316
10,"ADBE",175232.05,459.00,457.38,0.32%,-3.58%,84.10%,-0.71%,1.06%,1.58,3068.33,380.60,-0.37%,1835767
11,"ADI",96298.96,507.12,504.56,0.37%,-5.19%,89.30%,0.21%,1.10%,1.60,3460.52,187.17,-1.68%,3008992
12,"ADM",43392.83,553.00,542.29,0.20%,-26.86%,81.80%,-1.04%,1.16%,1.92,3292.93,78.74,-0.84%,2413897
13,"ADP",88326.32,414.30,410.16,0.10%,-30.26%,81.90%,0.81%,1.05%,2.02,2135.28,216.11,1.38%,1966560
14,"ADSK",42430.07,214.78,214.11,0.10%,-6.55%,95.00%,2.05%,1.11%,1.66,1436.88,197.34,-0.11%,1174474
15,"AEE",23430.81,259.00,257.49,0.20%,-20.97%,80.00%,-1.66%,1.79%,3.21,1436.83,90.07,0.90%,1543764
16,"AEP",48580.83,513.88,513.70,0.03%,-30.15%,75.70%,0.34%,1.26%,2.15,3004.81,94.89,0.37%,2991524
17,"AES",16123.52,669.03,666.36,0.38%,-22.92%,97.40%,0.34%,1.50%,2.29,4372.13,24.40,1.24%,4738909
18,"AFL",39430.66,619.68,563.18,0.10%,-15.68%,60.60%,-0.89%,1.56%,3.26,2698.71,64.56,0.16%,2355670
19,"AIG",36859.33,744.82,726.30,0.32%,0.00%,92.00%,-3.13%,1.00%,1.33,5453.41,51.08,1.67%,3438365
20,"AIZ",6285.69,53.41,52.33,0.20%,-0.49%,99.00%,-6.36%,2.07%,2.45,441.31,118.33,-0.37%,420111
21,"AJG",41804.94,211.20,208.85,0.30%,-11.32%,87.20%,1.93%,0.95%,2.17,913.98,197.37,1.07%,895013
22,"AKAM",12099.22,157.11,154.56,0.10%,-18.79%,95.40%,-1.95%,7.15%,6.45,1712.44,78.92,1.95%,1079248
23,"ALB",23073.47,117.16,116.97,0.10%,-16.72%,85.80%,1.70%,4.68%,3.16,1732.59,194.68,-1.03%,2013870
24,"ALGN",24287.20,77.54,73.17,0.30%,7.98%,89.30%,-1.40%,3.65%,2.55,1044.46,323.14,1.93%,612973
25,"ALK",5347.07,127.31,126.36,0.20%,-1.96%,79.90%,2.38%,3.06%,2.46,1570.86,42.04,0.21%,1674085
26,"ALL",30251.01,264.30,261.64,0.66%,-4.89%,81.50%,1.16%,1.45%,1.93,1968.57,115.22,0.30%,1414450
27,"ALLE",8715.51,88.00,87.40,0.10%,14.60%,97.60%,1.71%,1.77%,1.98,781.77,99.64,0.45%,836839
28,"AMAT",99149.18,845.00,834.77,0.35%,-1.19%,79.90%,0.73%,1.81%,2.30,6584.22,114.45,-2.45%,6265919
29,"AMCR",16804.24,1475.00,1474.71,0.20%,-26.77%,48.50%,-0.80%,1.90%,3.42,8176.06,11.25,-0.53%,9398339
30,"AMD",148966.40,1618.00,1604.72,0.50%,-2.37%,70.70%,3.26%,2.18%,0.56,62742.18,92.47,-0.10%,47732587
31,"AME",31242.75,229.75,228.54,0.30%,-29.56%,89.00%,0.85%,0.88%,1.94,1032.76,135.25,-0.31%,1175833
32,"AMGN",135293.15,535.00,532.73,0.21%,-0.08%,79.10%,-1.48%,1.43%,3.00,2538.04,253.32,-0.02%,2047732
33,"AMP",31385.10,108.90,105.02,0.20%,-35.28%,85.20%,-1.41%,0.75%,1.25,632.36,297.32,-0.39%,430825
34,"AMT",95313.03,465.65,464.37,0.10%,-11.86%,93.20%,-0.40%,0.70%,1.52,2124.08,206.69,0.98%,1273327
35,"AMZN",1035997.77,10222.00,9245.75,9.80%,-0.02%,60.10%,0.61%,0.61%,0.84,67079.28,102.06,0.95%,43751813
36,"ANET",49900.38,306.16,234.13,0.10%,-63.92%,67.90%,1.40%,1.41%,1.29,2554.59,159.85,-1.85%,2677310
37,"ANSS",28066.05,87.02,86.78,0.10%,-17.29%,96.30%,-0.36%,1.10%,1.87,510.35,322.08,-0.38%,421756
38,"AON",65965.50,207.20,189.53,0.10%,-26.38%,89.60%,-1.51%,0.93%,2.04,860.50,322.05,0.15%,465826
39,"AOS",9750.72,152.27,125.97,0.81%,-4.56%,98.63%,0.59%,4.34%,4.59,1190.45,64.60,-0.02%,1159084
40,"APA",11813.12,311.00,308.44,0.44%,0.00%,82.40%,-3.49%,3.85%,1.92,6193.82,38.07,0.21%,5084680
41,"APD",63043.92,222.20,220.96,0.30%,-0.07%,85.40%,1.11%,0.95%,1.84,1145.76,282.00,-0.66%,869163
42,"APH",46408.53,595.00,591.63,0.58%,-24.50%,96.80%,0.04%,0.88%,2.10,2470.27,77.64,-0.53%,1816175
43,"APTV",28324.32,270.96,269.86,0.20%,-13.66%,98.70%,1.64%,1.64%,2.41,1830.36,103.02,-1.42%,1648412
44,"ARE",21403.79,165.44,162.65,0.90%,-3.91%,95.74%,-1.10%,1.41%,2.07,1109.09,124.39,0.59%,603738
45,"ATO",16592.78,141.82,139.25,0.30%,-3.06%,93.70%,1.78%,4.29%,7.33,814.28,115.42,0.51%,811933
46,"ATVI",66961.62,785.00,775.89,0.10%,-1.11%,83.10%,1.11%,1.87%,2.16,6698.86,85.22,-0.19%,6616563
47,"AVB",23270.77,139.71,139.45,0.34%,0.00%,93.80%,-0.50%,1.66%,2.61,885.74,168.19,1.12%,544582
48,"AVGO",262249.75,418.00,414.94,0.10%,-9.22%,80.70%,3.31%,1.37%,2.49,2285.56,622.64,-1.01%,1448972
49,"AVY",14338.85,81.00,80.45,0.69%,-1.31%,92.80%,-4.63%,1.94%,3.10,502.27,176.87,0.05%,497484
50,"AWK",29236.90,182.00,180.95,0.19%,0.00%,89.00%,0.87%,1.95%,2.87,1229.45,151.88,1.11%,1059255
51,"AXP",119854.71,748.00,741.74,0.14%,-10.26%,86.40%,-0.47%,0.83%,1.67,3670.57,158.83,-1.40%,3753965
52,"AZO",45881.23,18.70,18.39,0.10%,-82.78%,96.60%,-3.02%,1.48%,1.75,155.63,2530.68,1.45%,142670
53,"BA",125826.44,597.60,595.36,0.10%,4.62%,58.20%,1.09%,1.44%,1.39,6172.28,211.37,0.65%,5612186
54,"BAC",221100.27,8088.20,7983.18,0.11%,-3.47%,71.00%,0.33%,1.18%,1.65,56966.67,27.84,0.72%,40992246
55,"BALL",16719.50,313.84,311.88,0.50%,-5.45%,86.90%,-5.78%,5.43%,9.57,1767.54,52.63,-1.03%,1931143
56,"BAX",21363.19,507.00,503.13,0.24%,-5.17%,89.50%,0.71%,1.26%,0.94,6775.33,42.30,0.09%,4393702
57,"BBWI",8162.31,229.00,222.32,0.20%,-0.35%,96.60%,-4.08%,5.26%,3.86,3034.41,35.53,-0.42%,2805674
58,"BBY",16632.47,221.50,200.83,0.20%,-49.72%,83.00%,-3.35%,6.06%,5.07,2403.94,75.08,-1.57%,1791253
59,"BDX",71318.29,283.89,281.58,0.10%,-0.50%,90.90%,-1.96%,0.70%,1.81,1090.43,254.69,1.20%,1369835
60,"BEN",13314.63,489.60,283.20,18.70%,-0.03%,47.90%,1.24%,6.90%,4.86,4020.58,26.60,-0.04%,2673922
61,"BF-B",30328.07,479.15,470.80,1.75%,-0.01%,50.30%,0.34%,0.82%,2.94,1303.77,62.66,-0.43%,1774607
62,"BG",13830.17,149.88,129.65,0.40%,-0.17%,87.80%,-1.27%,1.92%,1.30,1914.36,92.46,0.24%,1528413
63,"BIIB",41032.47,143.80,143.01,0.10%,-7.62%,88.60%,0.84%,1.38%,2.02,977.30,286.80,0.99%,737066
64,"BIO",13726.11,29.68,21.32,3.30%,-0.22%,80.50%,1.30%,1.70%,2.18,166.30,466.24,0.53%,95581
65,"BK",35889.42,812.16,797.48,0.10%,-4.41%,85.50%,-0.02%,0.76%,1.02,5952.19,44.85,-0.07%,3207341
66,"BKNG",98470.53,38.51,37.48,0.20%,-15.25%,94.10%,-2.39%,1.63%,1.86,327.57,2583.85,-1.21%,272674
67,"BKR",29384.69,1011.87,1010.22,0.15%,-18.44%,98.46%,0.60%,1.63%,2.44,6746.75,28.51,-1.83%,4583140
68,"BLK",98558.46,150.09,148.63,0.60%,-7.86%,80.50%,1.01%,1.78%,3.66,723.99,656.40,0.05%,441511
69,"BMY",146852.70,2109.00,2097.31,0.07%,-17.53%,79.40%,-0.72%,0.99%,2.55,8149.52,70.74,1.32%,9668409
70,"BR",16581.12,117.70,116.87,0.60%,-5.86%,90.40%,0.24%,2.26%,4.64,570.19,141.20,0.23%,784934
71,"BRK-B",687834.14,1298.19,1293.31,0.37%,-0.13%,66.08%,,0.50%,1.67,3866.96,312.51,0.68%,3130855
72,"BRO",16727.75,278.10,235.82,0.10%,3.06%,75.10%,-0.94%,1.37%,2.79,1157.04,59.14,0.51%,799120
73,"BSX",72930.00,1432.90,1429.21,0.20%,-14.79%,94.60%,0.93%,1.00%,1.81,7898.16,50.08,-1.30%,9622857
74,"BWA",10847.59,233.79,232.61,0.10%,-59.04%,97.30%,-1.21%,2.27%,2.55,2075.48,46.06,-0.73%,2041154
75,"BXP",8237.93,156.78,156.46,0.10%,6.89%,99.80%,-3.07%,3.99%,3.56,1755.83,53.10,1.09%,1351938
76,"C",89089.93,1936.80,1932.75,0.20%,-0.71%,73.70%,-0.03%,2.34%,2.24,20235.60,45.86,0.20%,11913182
77,"CAG",18240.48,477.50,474.27,0.30%,-6.64%,84.10%,-2.37%,3.22%,3.39,4511.63,38.38,0.29%,4634284
78,"CAH",20461.94,261.00,256.52,0.60%,-4.92%,93.00%,0.12%,1.61%,1.61,2566.62,79.23,-0.24%,1855285
79,"CARR",35151.29,835.30,826.32,0.10%,-30.85%,87.90%,-0.26%,1.52%,2.76,4554.84,41.80,-0.71%,4861873
80,"CAT",110255.60,517.30,511.18,0.15%,-11.54%,70.90%,-1.81%,1.46%,2.18,3408.82,209.17,-2.04%,4177227
81,"CB",81168.19,415.25,413.20,0.30%,-8.54%,90.50%,-0.56%,0.42%,0.92,1886.27,196.80,0.41%,1248211
82,"CBOE",14313.39,106.00,105.38,0.20%,-10.16%,84.00%,-3.05%,1.27%,1.91,701.04,136.02,0.29%,538257
83,"CBRE",21717.35,314.14,307.01,0.10%,-1.59%,99.20%,-1.98%,1.91%,3.54,1651.30,70.31,0.33%,1432389
84,"CCI",57990.13,433.00,430.78,0.35%,0.21%,93.10%,0.38%,0.78%,1.67,2010.89,134.42,0.52%,1149578
85,"CCL",12053.72,1260.00,1025.75,0.10%,-7.96%,50.90%,9.39%,12.81%,3.23,40723.19,9.73,0.72%,28029305
86,"CDAY",10586.65,153.69,152.11,0.30%,-23.45%,,-3.24%,6.16%,7.82,1198.45,69.23,-0.14%,672274
87,"CDNS",56707.02,273.21,270.60,0.60%,-24.85%,90.20%,0.95%,1.65%,2.54,1754.86,208.52,0.46%,1885651
88,"CDW",25487.70,135.50,134.86,0.10%,-3.31%,97.20%,1.34%,1.29%,2.09,830.77,185.50,-1.31%,545168
89,"CE",11838.25,108.51,108.11,0.20%,0.54%,96.60%,-0.50%,2.64%,2.52,1136.47,106.03,-0.74%,690027
90,"CEG",25056.64,327.00,326.25,0.10%,0.00%,83.30%,-0.00%,1.92%,2.94,2135.84,76.96,0.60%,1222992
91,"CF",14337.73,196.40,195.35,0.20%,0.00%,97.00%,-2.35%,2.68%,1.81,2883.38,71.46,-2.32%,2295786
92,"CFG",13860.87,493.49,482.52,0.30%,-10.72%,92.10%,-0.02%,2.14%,1.64,6314.48,29.07,1.57%,5573715
93,"CHD",21894.09,246.00,243.43,0.18%,-15.86%,84.70%,-0.89%,1.83%,3.25,1371.38,90.61,1.00%,1264739
94,"CHRW",10854.44,118.76,115.10,0.30%,-2.16%,99.53%,-0.27%,12.35%,9.73,1460.64,92.67,-0.55%,867956
95,"CHTR",59717.53,153.44,115.59,12.30%,-0.00%,67.80%,-3.37%,8.07%,8.20,1138.23,350.27,-0.81%,765105
96,"CI",78974.18,300.88,293.81,0.10%,-16.87%,91.60%,-1.52%,0.94%,1.55,1793.59,265.29,-0.22%,1708914
97,"CINF",17491.10,157.30,156.19,0.50%,0.13%,68.00%,2.21%,2.20%,4.35,791.37,111.85,0.51%,575769
98,"CL",62709.96,832.50,829.55,0.10%,-3.74%,81.30%,-0.60%,1.19%,2.19,4515.85,75.68,0.42%,3261800
99,"CLX",19445.50,123.55,122.88,0.10%,0.00%,82.20%,-1.41%,4.60%,4.61,1225.31,157.76,0.22%,679491
100,"CMA",5249.99,131.00,130.17,0.40%,-2.54%,84.90%,1.09%,4.21%,1.60,3416.45,41.28,3.41%,2920259
101,"CMCSA",159873.06,4277.00,4164.55,0.74%,-0.01%,85.60%,-1.83%,1.14%,2.45,19334.68,37.69,-0.61%,20358467
102,"CME",70218.44,358.89,358.12,0.20%,7.83%,88.20%,0.50%,1.16%,2.16,1912.92,195.10,-0.05%,1370085
103,"CMG",46882.54,27.68,27.55,0.50%,-8.74%,96.30%,-0.61%,2.95%,2.87,283.63,1685.21,-0.72%,217657
104,"CMI",31187.71,141.50,140.44,0.20%,-38.90%,85.40%,1.13%,2.15%,2.85,1062.17,220.33,-0.01%,861183
105,"CMS",18117.26,289.50,288.35,0.45%,-1.12%,94.00%,-1.61%,2.59%,3.87,1928.03,62.31,0.31%,1855847
106,"CNC",36230.45,559.93,545.25,0.50%,1.88%,98.40%,-1.27%,1.22%,1.70,3929.38,66.02,0.35%,3807035
107,"CNP",19139.25,629.00,628.70,0.20%,0.65%,93.10%,1.42%,1.45%,2.33,3926.89,30.77,1.25%,4792126
108,"COF",36270.85,382.50,377.50,1.00%,-3.91%,91.00%,-0.04%,1.70%,1.84,3499.59,94.93,0.09%,2045018
109,"COO",18477.25,49.40,49.08,0.56%,-13.07%,,-4.05%,2.71%,4.30,309.22,372.30,-0.35%,286356
110,"COP",130579.73,1238.89,1210.06,0.10%,-0.50%,83.40%,-0.14%,1.09%,1.92,6891.58,106.26,-1.38%,5086616
111,"COST",220469.69,443.88,441.63,0.20%,-1.69%,69.10%,0.26%,0.80%,1.80,1950.19,485.98,-2.24%,4112354
112,"CPB",16638.78,299.00,192.10,0.30%,-8.48%,52.90%,-0.21%,7.18%,5.71,2415.74,55.47,-0.16%,1532885
113,"CPRT",35591.57,476.38,427.93,9.50%,-0.07%,82.60%,-0.09%,0.81%,1.77,1964.18,74.38,-0.40%,1632232
114,"CPT",11042.58,108.48,105.47,1.14%,-1.06%,99.00%,-0.38%,1.63%,1.90,903.95,104.56,1.03%,342073
115,"CRL",10018.23,50.91,50.37,0.10%,-42.58%,98.61%,3.40%,2.59%,2.25,578.78,196.59,0.43%,508814
116,"CRM",195309.24,984.00,967.51,0.10%,-26.82%,79.50%,-0.92%,1.11%,1.21,8898.74,192.55,-1.41%,6302822
117,"CSCO",212245.50,4103.00,4092.14,0.10%,-7.51%,74.90%,-0.07%,1.01%,2.26,18282.83,51.27,-1.06%,14746425
118,"CSGP",27558.65,404.19,402.42,0.80%,-1.47%,99.41%,4.31%,1.23%,2.25,2201.80,68.36,0.90%,2071037
119,"CSX",60413.75,2076.00,2045.70,0.29%,0.00%,76.00%,-2.25%,0.92%,1.36,13921.50,30.02,2.49%,18372697
120,"CTAS",45927.39,101.64,86.25,0.50%,-3.52%,66.40%,0.61%,1.43%,3.50,352.51,451.73,-0.00%,238854
121,"CTLT",11097.36,181.00,179.31,0.50%,-0.56%,,-7.58%,3.71%,2.88,2310.40,64.95,5.40%,1854502
122,"CTRA",19521.54,781.00,760.56,0.10%,-3.19%,97.40%,0.60%,4.88%,3.93,9433.35,24.94,-1.85%,5165609
123,"CTSH",30893.95,512.00,507.88,0.10%,-0.64%,93.50%,-0.42%,1.21%,1.31,4698.57,60.42,-0.40%,3211884
124,"CTVA",43269.49,714.80,711.24,0.19%,3.01%,83.30%,-0.08%,0.84%,1.67,3591.15,59.80,-1.52%,3045861
125,"CVS",99839.73,1309.00,1278.20,0.10%,-9.65%,80.70%,0.59%,1.00%,1.38,9285.62,77.54,-0.27%,8777119
126,"CVX",323906.49,1908.43,1896.06,0.08%,-20.05%,72.00%,-0.66%,0.82%,1.72,9005.36,167.65,-1.31%,5797437
127,"CZR",9859.63,214.00,213.66,0.40%,2.96%,96.50%,-1.10%,3.21%,2.24,3054.63,45.29,-1.16%,2105450
128,"D",47951.76,833.80,832.12,0.14%,-0.56%,72.40%,1.50%,0.82%,1.41,4833.01,58.06,1.13%,3196983
129,"DAL",21455.81,641.24,639.00,0.20%,-2.53%,67.50%,-1.82%,3.08%,1.95,10107.64,33.69,0.69%,6282180
130,"DD",32248.89,477.20,453.54,0.10%,-0.18%,75.00%,0.18%,3.19%,4.51,3205.18,69.64,-1.02%,2888356
131,"DE",110773.01,297.60,295.70,0.10%,-9.74%,78.50%,-2.24%,0.90%,1.70,1569.74,369.65,-1.12%,1846780
132,"DFS",25262.07,271.00,257.47,0.50%,-2.16%,85.00%,-1.39%,1.89%,1.93,2522.29,97.02,-0.39%,1770004
133,"DG",46454.26,221.29,217.95,0.10%,0.74%,94.10%,-3.48%,2.18%,2.31,2053.03,212.44,0.20%,1094676
134,"DGX",15953.98,113.00,110.08,0.20%,-25.08%,95.00%,-1.33%,2.73%,2.51,1195.36,142.88,-0.30%,886206
135,"DHI",33443.39,344.20,302.33,0.60%,-1.76%,87.30%,0.09%,4.47%,4.51,3001.26,95.64,-1.80%,3569568
136,"DHR",180599.38,729.00,648.17,0.20%,-3.38%,81.00%,-0.22%,0.53%,1.33,2593.17,246.96,-0.30%,2042866
137,"DIS",182516.23,1825.00,1821.56,0.06%,-5.28%,65.00%,2.25%,0.98%,1.68,10625.24,99.97,0.06%,7036901
138,"DISH",4530.67,530.85,251.08,0.40%,108.88%,82.90%,-0.81%,15.99%,6.09,6594.67,8.77,2.81%,9192000
139,"DLR",26277.86,289.40,287.34,0.11%,-3.18%,98.40%,0.97%,4.79%,5.97,2308.09,90.93,0.80%,2686036
140,"DLTR",32896.11,221.10,218.28,0.10%,4.20%,,1.30%,2.92%,2.76,2311.88,149.04,0.23%,1404554
141,"DOV",19971.28,140.32,138.08,0.20%,-11.64%,94.70%,0.44%,0.97%,1.50,891.23,141.57,-0.92%,945533
142,"DOW",38684.52,709.30,702.78,0.10%,0.06%,65.60%,-4.55%,1.31%,1.76,5255.93,54.66,0.04%,5021797
143,"DPZ",11629.80,35.29,35.19,0.40%,0.81%,93.90%,-9.35%,4.22%,1.78,834.19,330.58,0.67%,717002
144,"DRI",18628.67,121.40,120.67,0.40%,-23.87%,92.00%,-1.09%,3.69%,3.46,1290.26,149.70,-2.20%,1282217
145,"DTE",23110.41,201.00,192.24,0.20%,0.00%,75.50%,1.21%,0.89%,1.37,1250.41,113.85,1.53%,1753914
146,"DUK",76170.44,770.00,769.27,0.12%,-0.40%,64.40%,0.18%,0.94%,2.31,3135.71,99.74,0.91%,2879319
147,"DVA",7498.17,90.09,87.34,0.10%,3.22%,90.70%,-2.55%,3.65%,4.83,659.86,82.47,-0.57%,324141
148,"DVN",35008.43,648.00,647.71,0.40%,1.32%,80.70%,0.46%,2.93%,1.78,10617.90,52.91,-1.16%,6233687
149,"DXC",5671.64,229.54,226.41,0.50%,-5.41%,94.40%,3.89%,3.39%,4.58,1676.33,24.74,-0.68%,1553432
150,"DXCM",43595.62,386.40,384.65,0.10%,-36.22%,98.80%,-0.35%,3.27%,5.11,2461.07,112.47,-0.31%,1834680
151,"EA",34594.23,276.00,272.61,0.20%,-10.91%,94.00%,-0.25%,1.52%,1.59,2602.52,125.16,-0.78%,1990974
152,"EBAY",23542.18,543.00,533.61,0.10%,-9.82%,90.00%,-1.04%,2.59%,2.84,4874.68,43.57,-0.64%,3629603
153,"ECL",47284.01,284.60,283.63,0.10%,-1.26%,90.80%,1.13%,0.64%,1.51,1200.82,167.04,0.57%,1102448
154,"ED",34127.83,354.80,345.92,0.10%,0.52%,68.20%,0.87%,2.72%,5.00,1879.17,98.97,0.47%,1578578
155,"EFX",24570.89,122.70,121.93,0.10%,-24.42%,96.90%,0.32%,3.42%,5.23,797.27,196.41,-1.50%,791730
156,"EIX",27648.99,382.63,382.22,0.10%,-5.79%,90.40%,0.70%,2.23%,4.07,2094.58,72.56,0.42%,1349796
157,"EL",85529.08,357.70,230.07,0.20%,-4.51%,91.30%,-0.57%,1.10%,1.78,1427.80,241.26,0.76%,1171472
158,"ELV",115000.32,238.50,236.46,0.10%,-6.82%,92.80%,0.08%,0.88%,1.83,1136.03,483.54,-0.24%,815898
159,"EMN",9757.73,119.30,118.11,0.69%,-0.23%,87.80%,-2.96%,1.63%,1.85,1041.81,80.93,-1.18%,948261
160,"EMR",47477.67,583.60,565.69,0.20%,-8.31%,76.10%,-0.28%,1.13%,1.77,3605.91,83.30,0.25%,2964922
161,"ENPH",26323.62,136.23,132.66,1.20%,-11.42%,81.20%,8.18%,4.17%,1.29,4268.54,191.00,-1.38%,2898503
162,"EOG",70744.63,587.72,585.05,0.30%,-0.04%,89.00%,-0.43%,1.17%,1.72,4002.12,119.37,-0.83%,2842728
163,"EPAM",16295.06,57.58,55.71,2.20%,-0.08%,96.60%,3.00%,1.36%,1.68,449.79,286.28,1.33%,363341
164,"EQIX",65305.14,92.57,92.25,0.10%,-37.95%,96.50%,0.72%,1.62%,3.71,403.10,711.23,1.05%,272740
165,"EQR",22568.74,377.71,371.23,1.72%,-1.28%,93.10%,-0.47%,1.70%,2.74,2299.82,60.14,0.89%,1054552
166,"EQT",11747.57,366.27,358.63,0.20%,-22.09%,99.20%,1.75%,4.92%,2.53,6966.46,32.12,-1.47%,5491046
167,"ES",28075.25,348.79,347.02,0.10%,-1.54%,82.00%,0.33%,1.27%,2.44,1803.58,80.82,0.37%,1175874
168,"ESS",13500.96,64.72,63.98,1.19%,0.13%,97.50%,0.32%,2.29%,2.69,545.62,209.74,0.14%,382144
169,"ETN",63151.56,398.10,396.20,0.20%,-9.71%,85.10%,0.19%,1.32%,2.55,2048.92,156.25,-1.40%,2653185
170,"ETR",23451.29,208.02,202.71,0.10%,-6.46%,92.70%,0.49%,1.02%,1.45,1421.90,110.97,0.36%,917114
171,"ETSY",13121.97,126.16,122.92,0.60%,-35.48%,,-3.55%,12.43%,4.68,3264.63,104.06,-1.15%,3120459
172,"EVRG",14498.47,229.90,229.03,0.22%,-4.31%,86.30%,0.13%,1.10%,1.77,1432.43,63.29,0.22%,2094955
173,"EW",50578.80,613.00,602.89,0.10%,-28.08%,84.90%,-0.08%,2.81%,4.78,3541.35,83.88,0.52%,1594874
174,"EXC",42685.38,995.00,991.34,0.20%,-0.30%,83.90%,0.36%,1.35%,1.83,7323.94,43.06,0.30%,8745467
175,"EXPD",16315.55,157.21,153.32,0.20%,-11.36%,98.60%,0.02%,5.81%,6.26,1423.63,105.35,-0.27%,1280047
176,"EXPE",14030.10,155.39,146.28,0.20%,-2.12%,95.60%,-2.98%,2.64%,1.45,2671.03,91.70,0.23%,1594436
177,"EXR",13610.87,133.92,82.94,0.10%,-13.85%,99.20%,1.22%,5.81%,3.64,1323.76,162.79,1.73%,2199524
178,"F",49719.49,4005.00,3889.81,0.18%,-2.47%,52.90%,0.46%,3.48%,1.91,70715.01,12.33,-0.80%,36311958
179,"FANG",26249.12,177.64,175.17,0.20%,-0.54%,98.10%,-0.32%,3.45%,2.45,2459.43,140.55,-1.70%,1682361
180,"FAST",29410.01,571.01,569.74,0.10%,-1.31%,79.30%,-0.62%,2.34%,4.02,3320.30,51.48,-0.06%,3076479
181,"FCX",57685.61,1432.00,1421.84,0.60%,-1.00%,79.30%,-0.48%,1.40%,1.53,13005.48,40.29,-0.07%,8094296
182,"FDS",15405.93,38.28,38.05,0.10%,-31.01%,92.50%,0.94%,1.15%,1.81,242.18,404.78,0.68%,205111
183,"FDX",57792.90,251.00,240.31,0.20%,-3.03%,74.80%,1.76%,2.01%,2.27,2120.64,232.10,0.94%,3674541
184,"FE",23835.72,572.84,572.37,0.08%,0.00%,89.00%,-0.34%,1.30%,1.88,3958.92,41.70,0.22%,3634967
185,"FFIV",8107.19,60.10,54.68,0.50%,-12.84%,,2.88%,3.16%,3.36,514.44,146.71,-0.33%,438735
186,"FIS",31798.53,592.00,587.96,0.20%,1.28%,93.50%,-2.19%,1.38%,1.21,6720.84,55.43,3.18%,5721699
187,"FISV",70563.45,633.60,626.74,0.50%,-49.68%,92.50%,-0.52%,1.36%,2.36,3617.32,113.01,0.60%,2456059
188,"FITB",17487.16,688.68,678.27,0.10%,6.29%,83.00%,-0.12%,1.69%,1.26,9081.41,26.08,1.20%,8323633
189,"FLT",15247.87,73.46,71.54,2.70%,0.00%,93.90%,-5.84%,2.10%,2.48,606.94,207.68,0.10%,267029
190,"FMC",15252.21,125.43,124.46,0.40%,-3.26%,92.80%,1.55%,1.07%,1.68,791.23,116.92,-4.07%,1595865
191,"FOX",17316.21,240.22,136.55,43.16%,-0.03%,54.22%,,1.58%,1.80,1195.65,30.74,-0.90%,755582
192,"FOXA",17469.60,541.00,430.53,0.20%,-6.47%,,-1.08%,6.22%,9.25,2895.88,33.45,-0.86%,2604121
193,"FRC",2458.48,184.00,181.39,0.20%,0.00%,97.20%,0.98%,4.96%,0.28,31774.29,14.03,4.39%,23019504
194,"FRT",7957.01,80.98,80.51,0.10%,-15.02%,98.60%,3.08%,1.74%,2.43,575.01,97.74,0.12%,292373
195,"FSLR",21536.95,106.61,101.07,0.30%,-11.18%,83.10%,2.04%,4.91%,2.02,2458.58,204.51,1.44%,1483562
196,"FTNT",51082.01,780.60,633.43,12.00%,-1.00%,67.80%,-4.19%,2.13%,2.64,5125.47,65.52,0.57%,2772170
197,"FTV",22855.52,353.70,348.54,0.10%,-12.90%,97.20%,-8.20%,1.42%,2.55,1942.28,64.36,-0.54%,1617312
198,"GD",62904.89,273.99,273.28,0.50%,-1.96%,86.70%,-0.92%,1.00%,2.23,1231.51,227.71,-0.55%,1511404
199,"GE",102758.76,1093.00,1078.22,0.20%,0.00%,71.90%,-3.24%,1.55%,2.13,7859.26,93.60,-0.69%,6403418
200,"GEHC",36822.30,454.61,454.38,0.05%,-22.98%,42.48%,,2.31%,3.95,2659.13,80.16,-1.18%,1356673
201,"GEN",10999.44,647.00,610.17,8.30%,-0.00%,85.70%,-0.45%,2.67%,3.81,4266.27,17.27,0.35%,2346163
202,"GILD",104463.45,1255.00,1234.53,0.10%,-3.40%,83.00%,0.85%,1.23%,2.45,6196.95,83.37,-0.33%,3724871
203,"GIS",51135.44,592.50,584.30,0.20%,-12.34%,78.10%,-0.49%,2.12%,3.42,3617.70,86.90,-0.18%,3556201
204,"GL",10448.62,96.98,95.15,1.60%,-18.23%,84.00%,-0.08%,1.35%,2.40,532.91,107.74,-0.47%,667556
205,"GLW",29026.26,843.00,763.28,0.10%,-16.60%,70.00%,-1.99%,1.06%,1.87,4335.68,34.10,-0.47%,3104699
206,"GM",48937.93,1415.00,1349.91,0.20%,-1.18%,82.80%,-3.16%,2.23%,1.95,15479.87,34.59,-1.42%,10063192
207,"GNRC",6161.65,62.03,59.73,1.20%,-7.86%,94.00%,-0.99%,8.87%,3.95,1340.40,99.80,0.23%,1412858
208,"GOOG",1391399.60,5968.00,5199.26,0.02%,173.20%,63.30%,,0.64%,1.04,32230.24,108.90,3.76%,34652327
209,"GOOGL",1340811.69,6839.00,5938.48,0.28%,4.62%,78.60%,-0.22%,0.71%,1.06,39890.68,108.42,3.78%,48644205
210,"GPC",22832.80,141.04,137.98,0.10%,1.15%,82.40%,1.07%,2.16%,2.51,1186.52,162.28,0.07%,859798
211,"GPN",27415.33,265.53,260.24,0.20%,0.44%,90.80%,0.60%,1.28%,1.82,1825.48,105.10,1.13%,1567060
212,"GRMN",18791.28,191.54,153.38,0.10%,-19.13%,55.50%,0.88%,2.10%,3.30,976.13,98.05,-0.15%,562273
213,"GS",107323.73,349.40,331.57,0.30%,-3.02%,71.40%,-0.22%,1.53%,1.67,3027.49,322.40,0.27%,1310654
214,"GWW",32480.83,50.60,45.63,0.20%,-40.81%,75.40%,0.89%,2.35%,3.58,298.54,641.66,-0.71%,318621
215,"HAL",29888.76,904.00,902.21,0.30%,-3.92%,84.70%,0.88%,2.76%,2.56,9738.82,32.71,-1.06%,5831279
216,"HAS",7199.06,138.10,127.43,0.20%,0.00%,86.00%,-0.62%,6.65%,4.16,2037.39,51.93,-0.02%,932123
217,"HBAN",16004.05,1442.90,1430.17,0.60%,-2.64%,83.70%,1.71%,3.02%,2.12,20354.26,11.19,1.36%,14405821
218,"HCA",75221.31,280.64,210.77,0.10%,-31.37%,66.80%,-2.37%,1.28%,2.14,1260.67,270.59,-0.27%,912080
219,"HD",292327.28,1016.00,1005.84,0.09%,-7.09%,71.70%,0.41%,1.29%,3.30,3928.83,288.61,-0.02%,3192832
220,"HES",43541.78,306.30,276.00,0.10%,-66.43%,88.40%,-0.09%,1.43%,2.13,1860.20,140.88,-0.94%,1463271
221,"HIG",21678.96,317.30,311.66,0.20%,-42.17%,93.60%,-1.63%,1.44%,1.97,2270.99,69.86,0.88%,1246141
222,"HII",8290.55,40.10,39.06,0.10%,-17.31%,89.20%,-1.63%,2.53%,2.31,428.62,206.13,-0.74%,381125
223,"HLT",37167.10,269.00,265.64,0.20%,-6.79%,98.60%,-2.78%,1.43%,2.28,1666.76,140.63,0.82%,1294259
224,"HOLX",20239.38,247.32,244.05,1.10%,-8.30%,99.91%,-9.39%,2.62%,4.08,1564.40,82.86,0.94%,1214707
225,"HON",126566.39,670.50,667.32,0.10%,-7.68%,75.90%,0.09%,0.74%,1.55,3162.38,190.46,0.54%,2781294
226,"HPE",20617.37,1298.00,1276.35,0.20%,-32.09%,85.40%,-0.75%,2.21%,2.05,13752.71,15.86,-0.31%,6339030
227,"HPQ",28972.20,989.00,970.32,0.10%,-29.22%,83.70%,-5.45%,2.92%,4.50,6299.58,29.29,-0.41%,3965612
228,"HRL",22128.98,546.38,287.16,0.20%,-3.86%,41.40%,0.10%,3.48%,4.89,2044.22,40.31,-0.44%,2743219
229,"HSIC",11025.07,134.06,130.47,0.20%,-27.95%,99.90%,0.51%,3.12%,4.61,881.43,84.73,0.89%,890739
230,"HST",11472.76,714.70,706.78,1.11%,0.00%,,-0.51%,4.97%,4.65,7553.99,16.08,0.00%,4420975
231,"HSY",52932.92,205.29,146.48,0.40%,-58.04%,79.10%,0.34%,2.07%,2.82,1071.18,259.87,0.17%,986235
232,"HUM",64569.87,125.64,124.71,0.10%,-45.66%,96.10%,-0.33%,1.48%,1.73,1066.87,519.97,0.72%,1057772
233,"HWM",17340.89,413.00,410.92,0.69%,-2.08%,93.60%,0.58%,1.26%,1.66,3108.76,41.55,-1.33%,2736364
234,"IBM",119864.25,905.86,903.33,0.09%,-4.94%,58.50%,1.42%,2.85%,4.98,5158.01,130.50,-1.24%,3049898
235,"ICE",59453.07,559.00,551.69,0.20%,-11.84%,91.20%,-1.09%,0.61%,1.18,2832.61,108.25,1.91%,3103542
236,"IDXX",39554.65,82.93,82.01,0.30%,-16.77%,91.80%,-0.23%,1.97%,3.27,493.59,472.52,-0.87%,529736
237,"IEX",16450.68,75.40,75.12,0.10%,-23.22%,,-1.74%,1.48%,2.92,379.80,216.77,-0.49%,263088
238,"IFF",23038.08,255.00,254.38,0.23%,0.00%,93.30%,-0.78%,1.69%,1.98,2173.80,91.45,1.25%,1470930
239,"ILMN",36485.61,157.00,156.75,0.10%,-8.29%,91.10%,2.73%,3.13%,3.58,1372.92,229.99,-0.40%,1035443
240,"INCY",16450.61,222.61,218.93,0.40%,-11.85%,98.50%,0.61%,2.98%,4.01,1628.10,75.51,2.34%,1632621
241,"INTC",136935.82,4171.05,4167.78,0.06%,6.06%,62.50%,-1.82%,1.94%,1.69,47818.17,32.81,-0.06%,28518482
242,"INTU",123203.01,281.00,272.91,0.20%,-3.40%,87.00%,0.39%,0.98%,1.65,1615.18,446.76,1.73%,1673564
243,"INVH",19082.31,611.45,610.08,0.25%,0.00%,,3.23%,2.50%,4.74,3212.91,31.49,0.90%,1928502
244,"IP",12392.04,353.60,346.48,0.40%,-7.01%,88.10%,-3.55%,3.14%,3.46,3148.94,35.78,0.87%,2690949
245,"IPG",14260.39,387.90,383.16,0.51%,-8.00%,,-1.18%,2.31%,2.51,3521.86,36.99,-0.11%,4352998
246,"IQV",36686.79,185.50,184.29,0.88%,-0.33%,91.10%,0.40%,0.95%,1.78,981.53,195.83,-0.64%,632520
247,"IR",22227.85,405.00,404.13,0.10%,-31.90%,99.05%,-8.47%,1.21%,1.93,2530.58,54.46,-0.78%,1887441
248,"IRM",15039.65,291.23,288.19,0.10%,-46.14%,80.20%,1.17%,5.35%,10.22,1507.18,52.29,1.38%,1154226
249,"ISRG",90362.00,351.20,348.62,0.51%,-7.82%,86.60%,-0.45%,0.60%,1.22,1710.02,256.90,-0.42%,1026511
250,"IT",24758.01,79.16,76.57,2.70%,-3.73%,94.70%,0.25%,1.71%,2.83,462.08,313.75,0.19%,477832
251,"ITW",69928.95,306.60,304.06,0.10%,-52.95%,82.60%,0.41%,1.90%,5.16,1118.49,227.70,-0.75%,1061449
252,"IVZ",7203.64,456.90,367.07,0.10%,-95.87%,92.20%,5.29%,3.87%,2.68,5302.27,15.82,0.70%,2221548
253,"J",14243.26,126.82,125.08,1.10%,-8.64%,88.30%,-0.12%,1.24%,2.34,663.12,112.97,0.51%,467640
254,"JBHT",17667.82,103.67,81.90,0.30%,-4.09%,77.50%,-3.41%,2.77%,3.13,725.79,170.03,-0.14%,562741
255,"JCI",38278.56,687.00,685.25,0.20%,-11.48%,97.80%,0.09%,0.90%,1.61,3819.05,55.98,0.50%,7828883
256,"JKHY",10741.53,72.96,72.29,0.50%,-3.99%,94.10%,0.60%,3.97%,4.70,610.65,148.61,0.98%,456162
257,"JNJ",430319.78,2614.10,2595.53,0.10%,-13.61%,70.80%,-0.36%,0.49%,1.50,8395.35,165.15,-0.28%,9613580
258,"JNPR",11025.39,323.00,320.20,1.30%,-6.22%,93.40%,-0.68%,2.82%,2.43,3715.52,33.69,-1.81%,3266191
259,"JPM",375601.83,2962.80,2918.03,0.10%,-4.01%,70.80%,0.10%,0.71%,1.52,13546.45,127.47,-0.11%,8751645
260,"K",23311.73,346.55,317.19,16.50%,-2.31%,85.60%,-1.00%,3.07%,4.45,2189.86,67.99,-0.06%,1559590
261,"KDP",49788.37,1415.30,886.21,37.20%,-5.60%,54.10%,-0.97%,1.22%,1.39,7743.22,35.64,0.68%,8511625
262,"KEY",10691.37,924.86,921.23,0.10%,-5.11%,85.70%,-0.18%,3.07%,1.35,20861.81,11.91,3.03%,19047519
263,"KEYS",27782.68,178.00,177.42,0.60%,-7.29%,87.70%,-3.10%,2.44%,3.66,1183.24,155.75,-0.13%,869655
264,"KHC",47877.61,1226.00,781.63,0.40%,-5.38%,78.30%,2.84%,2.00%,2.32,6742.06,39.14,0.31%,4977762
265,"KIM",11852.39,615.86,605.44,2.24%,-0.07%,96.00%,-1.59%,1.89%,2.38,4806.30,19.07,-0.26%,3177280
266,"KLAC",52845.79,141.30,138.09,0.30%,-6.96%,91.60%,-4.49%,1.69%,2.00,1167.32,374.66,-1.82%,746536
267,"KMB",45778.75,337.70,336.94,0.24%,0.00%,77.40%,1.13%,2.31%,4.50,1733.14,136.49,0.61%,1465650
268,"KMI",39812.43,2246.00,1964.01,0.10%,-0.91%,63.00%,-0.08%,1.89%,2.82,13165.61,17.71,0.00%,7978846
269,"KMX",9866.94,158.00,157.51,0.20%,2.75%,,1.53%,14.65%,10.07,2292.21,64.33,3.03%,1664926
270,"KO",271691.88,4325.00,4295.55,0.67%,-1.36%,71.50%,0.39%,0.52%,1.59,13923.23,62.84,0.06%,9640484
271,"KR",34481.71,715.00,711.31,0.70%,-4.48%,81.30%,-0.01%,2.61%,3.38,5495.64,48.52,0.96%,4393579
272,"L",12979.80,237.61,194.69,0.40%,-4.39%,61.30%,-3.33%,0.84%,1.80,901.54,56.38,0.28%,591466
273,"LDOS",12539.62,137.00,135.44,0.50%,-11.85%,78.60%,-1.72%,1.36%,1.96,938.46,91.41,-0.11%,824779
274,"LEN",29414.71,286.07,262.64,1.70%,-0.19%,98.20%,2.17%,3.36%,3.90,2262.96,102.06,-1.89%,1684042
275,"LH",20710.46,88.70,88.35,0.10%,-13.94%,94.40%,-2.65%,1.85%,2.65,615.66,232.18,-0.78%,423244
276,"LHX",37496.91,190.60,189.51,0.30%,-6.46%,84.70%,-0.55%,0.88%,1.28,1309.57,197.01,-0.20%,942134
277,"LIN",175016.59,493.71,491.60,0.10%,-14.52%,85.80%,0.61%,0.83%,1.56,2621.71,356.58,0.27%,1627571
278,"LKQ",14505.71,267.80,265.88,0.50%,-90.40%,97.28%,-2.35%,1.25%,1.97,1695.92,54.41,0.26%,989564
279,"LLY",344977.25,952.35,950.53,10.90%,38.71%,84.80%,0.67%,0.85%,2.49,3252.90,368.29,1.67%,3531175
280,"LMT",124713.96,256.80,253.80,0.07%,-8.24%,76.30%,-0.74%,1.09%,1.86,1481.04,490.17,0.04%,1093317
281,"LNC",3563.82,169.20,153.12,0.20%,0.43%,81.70%,2.14%,5.19%,2.11,3757.14,20.51,-2.61%,4249062
282,"LNT",13767.45,251.20,250.65,0.16%,0.00%,78.40%,2.86%,1.85%,2.92,1587.74,55.05,0.42%,1445151
283,"LOW",118931.52,602.00,594.99,0.10%,-11.88%,78.40%,-3.53%,1.44%,2.74,3118.96,198.57,-0.43%,2403262
284,"LRCX",66587.58,136.02,134.52,0.20%,-3.23%,86.40%,1.90%,1.71%,1.76,1307.74,493.79,0.06%,960471
285,"LUMN",2423.20,995.57,991.67,0.10%,7.03%,80.90%,0.65%,16.40%,4.54,35825.86,2.43,0.41%,13800725
286,"LUV",18767.62,593.00,591.67,0.10%,-0.38%,76.10%,-4.56%,1.98%,1.76,6665.87,31.59,0.03%,2978942
287,"LVS",43219.85,764.00,330.09,56.79%,0.00%,41.00%,0.34%,4.74%,3.19,4905.85,57.01,0.81%,2818701
288,"LW",14987.12,144.00,139.58,0.50%,-6.98%,91.50%,0.74%,1.83%,1.87,1362.31,106.86,2.58%,3981308
289,"LYB",30731.68,310.00,254.76,0.10%,-90.10%,71.90%,-0.31%,3.09%,3.67,2144.13,94.35,0.08%,1800215
290,"LYV",15933.77,226.87,155.81,2.30%,0.26%,71.90%,-0.67%,7.23%,5.45,2065.28,69.13,0.48%,1462180
291,"MA",346779.86,959.00,850.70,10.70%,-2.15%,78.50%,-0.21%,0.57%,1.69,2875.73,361.47,-0.64%,2357634
292,"MAA",17395.60,115.40,114.67,0.10%,-6.52%,95.60%,-1.52%,2.09%,3.03,790.48,150.26,0.72%,390087
293,"MAR",50212.88,316.60,256.28,0.90%,-1.11%,61.70%,-3.29%,1.58%,2.20,1843.34,163.05,0.30%,1092325
294,"MAS",10679.49,228.00,224.74,0.10%,-64.56%,97.60%,-0.30%,2.79%,3.28,1910.90,47.04,-0.72%,1716845
295,"MCD",206297.54,731.10,730.16,0.17%,-1.28%,70.20%,0.21%,0.86%,2.29,2742.84,282.89,0.31%,1729981
296,"MCHP",43560.45,549.20,538.57,2.09%,-0.21%,93.30%,-2.49%,3.54%,3.91,4881.45,78.70,-1.03%,3417085
297,"MCK",51102.03,139.90,136.82,0.10%,-15.75%,89.30%,-1.23%,1.50%,2.07,991.49,370.09,-0.83%,667772
298,"MCO",55501.51,183.30,182.66,0.10%,-31.90%,94.40%,-0.31%,1.28%,2.65,882.09,298.62,-1.40%,564260
299,"MDLZ",97339.93,1369.00,1349.67,0.16%,-1.89%,80.10%,-0.13%,0.69%,1.53,6043.85,71.05,-0.49%,5024091
300,"MDT",106793.38,1330.20,1328.92,0.10%,-1.48%,84.60%,1.44%,0.96%,2.05,6204.93,80.30,0.04%,4311471
301,"MET",45424.24,783.70,659.31,0.10%,-12.40%,75.50%,-0.78%,1.49%,1.90,5170.53,59.07,0.70%,4250685
302,"META",548291.10,2639.00,2203.51,0.25%,-3.25%,75.20%,-1.63%,1.30%,0.90,31877.36,216.10,2.18%,26081387
303,"MGM",16101.60,383.75,306.13,17.50%,-0.69%,68.60%,-7.49%,2.62%,1.90,4231.50,42.98,-0.46%,3726765
304,"MHK",5947.98,63.53,52.50,0.10%,-26.71%,79.20%,0.19%,3.23%,2.95,574.46,92.59,-1.09%,559526
305,"MKC",22869.99,268.20,263.37,0.49%,-1.54%,88.90%,1.63%,2.67%,4.57,1537.42,85.80,0.57%,1188065
306,"MKTX",12701.73,37.48,36.67,1.90%,-0.26%,99.60%,-0.78%,2.70%,2.67,370.31,343.29,1.64%,477267
307,"MLM",20931.63,62.00,61.68,0.50%,-0.54%,96.90%,-2.29%,1.25%,1.97,391.75,338.59,0.45%,287087
308,"MMC",83268.90,493.00,490.05,0.12%,-14.53%,90.80%,-2.00%,0.57%,1.69,1647.47,169.38,0.70%,1629178
309,"MMM",56409.47,551.90,543.75,0.12%,-0.98%,68.10%,-1.00%,2.49%,3.72,3637.36,101.56,-0.71%,2416084
310,"MNST",55166.45,1044.82,751.99,0.30%,-4.91%,69.00%,0.70%,1.30%,2.36,4145.02,52.56,-0.45%,5512176
311,"MO",79332.43,1792.00,1783.57,0.10%,0.00%,59.60%,-1.44%,0.89%,1.86,8556.60,44.43,0.00%,6332610
312,"MOH",16543.07,57.80,57.62,0.80%,-2.55%,98.00%,-3.17%,2.03%,2.28,511.01,285.57,0.58%,583127
313,"MOS",15576.21,340.10,333.12,0.29%,0.00%,90.60%,-1.77%,3.06%,2.34,4346.03,43.67,-5.66%,6379342
314,"MPC",58608.59,464.00,440.70,0.20%,-32.48%,79.50%,-7.55%,2.77%,3.05,4009.47,128.68,-3.04%,3276553
315,"MPWR",22392.28,46.98,45.64,3.90%,-11.22%,,4.62%,5.60%,4.98,513.26,473.61,0.06%,299027
316,"MRK",283993.83,2535.00,2532.66,0.10%,-54.99%,76.60%,0.64%,0.77%,2.24,8733.71,112.33,0.38%,6892482
317,"MRNA",59629.81,388.00,346.94,2.40%,-21.17%,65.90%,0.91%,4.58%,4.46,3565.05,158.27,2.37%,2612168
318,"MRO",16181.98,637.00,626.67,0.20%,-30.36%,79.30%,-5.59%,2.75%,1.59,10816.05,25.52,-0.70%,7869750
319,"MS",140980.37,1652.00,1307.99,0.20%,-16.35%,63.80%,-1.00%,1.48%,2.41,8016.39,84.19,0.44%,3876921
320,"MSCI",43102.91,79.98,77.50,0.10%,-14.56%,92.80%,-2.72%,1.16%,2.08,433.23,533.65,-0.88%,328197
321,"MSFT",2116569.90,7451.00,7438.05,0.06%,-0.74%,72.40%,0.48%,0.48%,1.12,32036.84,291.60,2.55%,29708426
322,"MSI",47918.91,167.50,166.35,0.10%,-67.71%,88.30%,0.36%,0.75%,1.82,689.52,283.46,-0.94%,795140
323,"MTB",19730.60,171.27,167.59,0.10%,0.23%,86.70%,-1.29%,2.03%,1.77,1926.28,117.57,0.14%,1473293
324,"MTCH",10058.40,279.39,277.47,0.40%,-0.67%,97.60%,-3.31%,4.03%,2.66,4202.57,35.72,-0.81%,6242807
325,"MTD",33770.70,22.21,21.96,0.10%,-79.46%,96.40%,-0.81%,1.50%,3.67,89.75,1500.92,-1.89%,96402
326,"MU",62402.12,1091.00,1087.78,0.20%,-6.04%,82.40%,-1.32%,1.94%,1.36,15522.80,58.56,2.70%,21384875
327,"NCLH",5451.35,421.42,419.66,0.70%,-5.20%,58.80%,-1.28%,10.18%,2.88,14824.68,13.08,1.24%,9870557
328,"NDAQ",26679.75,491.27,340.98,0.30%,-2.68%,77.70%,0.05%,1.50%,2.01,2539.11,54.90,0.62%,2440149
329,"NDSN",12122.35,57.17,51.05,0.40%,-4.90%,75.50%,-0.80%,2.52%,4.70,273.33,210.02,-0.80%,236338
330,"NEE",155680.67,1987.90,1983.26,0.21%,-0.16%,80.30%,0.98%,0.79%,1.68,9322.25,78.97,0.82%,5149229
331,"NEM",41369.86,797.00,792.44,0.10%,-9.91%,82.30%,-3.08%,1.80%,1.79,7972.03,52.05,-0.04%,8404108
332,"NFLX",152464.36,445.20,438.60,1.44%,-0.06%,80.30%,2.92%,1.92%,1.10,7659.06,339.33,-0.88%,4656919
333,"NI",11834.93,409.50,404.59,0.35%,-0.34%,94.60%,-2.50%,1.57%,1.61,3956.03,28.82,0.45%,3067967
334,"NKE",187462.65,1559.00,939.15,0.20%,-0.81%,82.90%,-0.24%,1.13%,1.70,6217.88,120.22,-0.56%,4256089
335,"NOC",71602.77,153.70,151.16,0.10%,-9.70%,85.20%,0.75%,0.91%,1.23,1110.67,470.39,-0.11%,575742
336,"NOW",94398.90,202.64,200.49,0.10%,-31.57%,90.80%,-0.19%,1.69%,2.06,1645.73,473.13,1.24%,1691109
337,"NRG",7992.23,230.00,228.25,0.90%,2.31%,99.93%,-1.69%,5.91%,3.21,4199.54,34.82,1.19%,2270498
338,"NSC",46217.25,230.00,227.46,0.10%,-10.10%,76.80%,-1.32%,1.00%,1.35,1682.99,205.41,1.17%,3111547
339,"NTAP",13435.38,216.00,213.31,0.20%,-12.55%,91.40%,-1.87%,2.90%,3.27,1887.95,63.00,0.30%,2875816
340,"NTRS",18186.41,208.42,207.30,0.20%,-0.55%,85.10%,-0.07%,1.84%,3.15,1214.07,86.73,-0.93%,1989629
341,"NUE",36145.29,255.43,249.41,0.20%,-12.08%,83.10%,-1.68%,2.45%,3.26,1876.09,145.53,1.44%,2291942
342,"NVDA",663961.12,2463.00,2358.39,0.40%,-5.61%,65.90%,-0.85%,1.60%,0.75,50284.16,270.37,0.58%,39696201
343,"NVR",17989.98,3.21,3.00,0.30%,-60.67%,86.00%,-2.11%,2.13%,2.85,22.37,5468.08,-1.35%,18916
344,"NWL",4979.71,415.70,411.41,0.20%,-35.24%,94.80%,1.04%,5.66%,4.92,4733.13,12.14,0.83%,3160505
345,"NWS",9973.56,193.24,115.57,40.20%,-0.01%,39.77%,,2.34%,2.82,958.70,17.44,-0.06%,827644
346,"NWSA",9994.67,576.00,495.38,0.10%,-3.94%,99.10%,-0.70%,1.69%,2.84,2945.76,17.27,-0.29%,1987135
347,"NXPI",44901.30,259.66,258.38,0.10%,0.00%,94.10%,-2.32%,2.32%,2.89,2069.72,170.10,-1.69%,1930684
348,"O",41422.59,633.67,626.41,0.10%,-3.75%,83.00%,3.25%,2.64%,4.62,3583.82,62.57,-0.22%,3176977
349,"ODFL",35756.51,110.33,96.33,12.63%,-0.41%,76.40%,-1.18%,4.64%,5.67,788.19,325.77,0.25%,488997
350,"OGN",6013.61,254.37,254.22,0.08%,0.00%,78.60%,-0.05%,2.51%,2.93,2179.05,23.95,1.31%,1341167
351,"OKE",29511.89,447.78,444.24,0.46%,0.00%,69.80%,1.62%,2.08%,3.57,2586.93,65.69,-0.45%,2031353
352,"OMC",18862.17,203.80,201.15,0.70%,-2.36%,94.70%,0.33%,4.58%,4.75,1941.87,93.05,-0.64%,1294264
353,"ON",33062.96,432.30,430.73,0.10%,-2.47%,,0.85%,6.30%,3.82,7100.69,75.34,-1.57%,3526595
354,"ORCL",256184.09,2698.00,1542.95,42.60%,-0.07%,42.70%,0.29%,0.93%,2.00,7196.63,95.92,1.09%,9141193
355,"ORLY",52847.55,62.55,61.08,0.60%,-20.59%,85.60%,-2.91%,1.47%,1.95,460.70,861.13,0.32%,247166
356,"OTIS",32936.76,416.10,414.66,0.05%,-19.34%,87.70%,0.00%,1.35%,3.07,1821.80,78.49,-1.13%,1826232
357,"OXY",57991.13,905.80,890.86,0.23%,,79.40%,-2.78%,5.18%,3.29,14034.56,63.04,-2.37%,10470623
358,"PARA",13806.30,649.00,584.77,0.20%,0.00%,81.80%,2.16%,15.34%,7.92,11326.18,21.66,3.14%,8475633
359,"PAYC",17222.28,57.87,48.68,14.57%,-0.01%,81.00%,1.86%,2.43%,2.29,517.83,289.45,1.35%,515608
360,"PAYX",39233.68,360.50,321.66,10.70%,-0.04%,73.20%,0.03%,3.03%,5.08,1915.33,109.04,0.19%,2090085
361,"PCAR",35784.65,783.00,515.79,1.40%,-1.98%,66.80%,0.47%,1.48%,2.32,3292.53,68.49,0.01%,2487622
362,"PCG",40692.36,1987.00,1967.91,12.60%,-33.57%,73.20%,11.45%,3.25%,4.38,14620.16,16.71,1.27%,12841250
363,"PEAK",11749.33,537.92,535.96,0.29%,1.14%,97.50%,-2.27%,2.02%,2.36,4579.28,21.44,-0.19%,5381346
364,"PEG",31507.49,498.77,498.29,0.10%,-1.49%,72.90%,0.31%,0.89%,1.77,2518.80,63.31,0.22%,3869136
365,"PEP",252930.86,1377.31,1375.01,0.10%,-8.62%,74.00%,-0.02%,0.84%,2.45,4733.32,184.36,0.39%,3389699
366,"PFE",234524.80,5614.00,5610.76,0.04%,-0.50%,70.50%,0.53%,0.79%,1.90,23280.65,41.50,-0.12%,25921729
367,"PFG",17754.42,244.50,241.66,0.40%,-1.90%,76.90%,-2.08%,3.53%,4.38,1945.62,73.42,0.48%,1363678
368,"PG",356844.78,2365.90,2355.80,0.13%,-2.33%,65.50%,-1.26%,0.57%,1.96,6876.59,152.22,0.63%,5399293
369,"PGR",85715.41,584.40,582.96,0.20%,-13.24%,86.70%,-0.98%,0.65%,1.54,2467.54,147.29,0.59%,1902930
370,"PH",40093.03,128.31,127.78,0.20%,-25.03%,85.90%,-0.42%,1.38%,1.78,991.05,312.47,-0.04%,693664
371,"PHM",13151.66,227.12,223.34,0.76%,-2.85%,94.30%,-1.04%,3.69%,3.08,2668.87,57.84,-1.35%,2150735
372,"PKG",12618.81,90.50,88.80,1.00%,0.00%,97.50%,0.04%,3.84%,4.49,760.52,141.15,0.54%,703391
373,"PKI",16857.87,126.16,126.05,0.10%,-37.57%,88.40%,-9.68%,2.60%,3.73,877.79,133.57,0.16%,600143
374,"PLD",112910.36,920.95,738.19,0.32%,0.31%,79.60%,1.07%,1.20%,2.91,3046.78,122.75,0.39%,2104836
375,"PM",153258.83,1550.00,1548.19,0.16%,-6.22%,77.00%,0.58%,0.62%,2.04,4684.55,99.03,0.29%,3469407
376,"PNC",48533.83,406.00,396.99,0.10%,-0.02%,84.90%,-3.60%,1.11%,1.27,3459.57,121.88,0.37%,3463885
377,"PNR",8629.49,164.80,163.96,0.10%,-4.59%,96.60%,4.53%,4.56%,4.38,1704.69,52.59,0.52%,1471480
378,"PNW",9124.96,113.30,112.50,0.10%,-0.60%,90.70%,-0.17%,1.55%,1.82,961.68,80.29,-0.42%,1197185
379,"PODD",21967.16,69.47,69.13,0.10%,-53.91%,,-0.62%,3.69%,3.06,835.29,317.72,0.58%,391003
380,"POOL",12574.06,38.84,37.84,0.20%,0.00%,,0.41%,10.20%,8.99,429.07,326.26,1.38%,443085
381,"PPG",32703.26,235.80,234.40,0.28%,-11.02%,82.50%,0.17%,0.93%,1.47,1492.33,138.07,-0.63%,1461668
382,"PPL",20906.88,736.37,735.12,0.05%,-12.19%,72.80%,2.05%,1.64%,2.10,5734.50,28.55,0.60%,4524947
383,"PRU",30399.73,367.80,366.50,0.14%,-6.05%,59.90%,-0.88%,2.17%,3.32,2400.23,83.36,0.63%,1921372
384,"PSA",54015.30,175.35,151.79,8.20%,0.02%,81.10%,0.62%,2.60%,3.54,1115.56,310.79,1.15%,990141
385,"PSX",48133.23,471.86,458.56,0.20%,0.72%,73.50%,-1.72%,2.41%,2.94,3754.39,102.84,-1.52%,3807671
386,"PTC",14918.28,117.82,105.26,1.00%,-61.71%,91.10%,-0.96%,1.48%,2.17,719.15,125.29,-0.67%,528987
387,"PWR",23027.70,143.21,141.17,0.20%,-12.58%,94.40%,-1.40%,2.63%,3.95,939.33,159.13,-0.49%,679276
388,"PXD",49444.25,237.00,233.31,0.68%,0.04%,92.50%,-1.19%,1.96%,1.72,2649.35,208.16,-1.06%,1693671
389,"PYPL",83280.56,1139.00,1124.64,0.23%,1.05%,76.00%,1.41%,1.87%,1.65,12748.63,74.96,1.83%,10517540
390,"QCOM",137189.28,1122.00,1107.81,0.10%,-6.22%,74.10%,-0.30%,0.93%,1.34,7708.42,123.00,-0.03%,5258569
391,"QRVO",9489.10,100.94,99.28,0.50%,-3.68%,89.40%,-3.21%,2.48%,1.87,1318.71,94.73,-0.28%,1930834
392,"RCL",15829.24,255.19,219.97,0.20%,-73.41%,73.90%,1.71%,8.58%,4.93,3825.13,61.28,-1.15%,3083264
393,"RE",14212.43,39.60,38.55,0.50%,-7.11%,96.50%,0.23%,1.12%,1.47,294.68,362.10,-0.25%,252222
394,"REG",10322.76,171.12,169.68,0.40%,-3.05%,,-1.58%,1.48%,2.63,954.07,60.30,0.07%,594526
395,"REGN",90215.55,106.80,104.32,0.50%,-12.70%,89.50%,-0.34%,1.16%,1.87,649.11,828.73,0.43%,549988
396,"RF",17093.16,932.00,929.75,0.24%,-4.89%,77.50%,0.73%,2.60%,2.03,11888.27,18.36,0.38%,6509222
397,"RHI",8081.89,106.97,105.49,0.20%,-12.41%,98.20%,-2.96%,5.48%,5.72,1011.73,74.01,-1.37%,813381
398,"RJF",19334.45,214.70,193.54,0.40%,-4.50%,77.50%,0.69%,2.35%,2.87,1588.11,89.35,-0.48%,1333300
399,"RL",7511.38,66.50,40.20,3.80%,-1.43%,,-0.22%,15.13%,6.47,939.84,112.06,-1.56%,825837
400,"RMD",32489.93,146.70,144.57,0.70%,-9.55%,67.40%,-0.39%,0.90%,2.06,632.18,221.85,0.32%,368730
401,"ROK",31354.40,114.80,114.65,0.20%,-13.60%,82.60%,-1.30%,2.46%,3.99,706.69,272.15,-0.37%,551776
402,"ROL",19000.26,492.35,236.77,44.10%,-6.71%,43.40%,1.80%,4.24%,7.40,1355.96,38.78,0.57%,1154279
403,"ROP",46471.76,105.90,105.62,0.30%,-11.70%,97.10%,-3.04%,0.72%,1.32,577.66,435.70,-0.39%,363451
404,"ROST",36414.34,339.75,338.19,0.10%,-6.50%,92.50%,-0.33%,1.54%,2.16,2402.00,106.22,-0.23%,1709010
405,"RSG",42765.85,316.50,315.20,0.10%,-1.33%,95.80%,-0.15%,0.50%,1.02,1549.83,135.70,0.35%,919824
406,"RTX",144506.19,1465.90,1451.58,0.09%,-1.06%,80.90%,-0.99%,0.68%,2.06,4759.27,98.21,-0.56%,3430354
407,"SBAC",27897.42,107.98,106.59,0.40%,0.00%,97.20%,-0.20%,1.37%,1.75,832.73,259.68,0.57%,336375
408,"SBUX",120562.05,1148.50,1145.62,0.10%,-2.54%,72.10%,2.10%,1.10%,2.09,6067.26,104.68,-0.21%,3154407
409,"SCHW",86393.09,1864.00,1619.15,6.34%,-1.16%,88.50%,-0.61%,0.97%,0.68,23131.77,49.35,0.98%,28056108
410,"SEDG",15659.81,55.98,55.33,0.60%,-9.98%,90.30%,1.76%,4.78%,2.30,1151.12,280.24,0.48%,624009
411,"SEE",6764.75,144.70,143.90,0.60%,0.31%,93.90%,-6.55%,1.46%,1.83,1152.90,46.87,-0.26%,1134499
412,"SHW",57502.38,257.40,237.16,0.10%,-0.21%,79.20%,-0.68%,1.02%,1.48,1637.04,223.98,0.52%,1366221
413,"SJM",16773.18,106.50,101.92,1.30%,-8.23%,82.70%,-1.01%,3.56%,3.75,967.18,156.51,-0.50%,796398
414,"SLB",72003.58,1422.00,1415.79,0.19%,-13.30%,85.80%,3.81%,1.32%,1.87,9971.53,49.62,-2.13%,6733722
415,"SNA",12206.25,52.90,52.24,1.50%,-16.07%,89.50%,-0.03%,4.77%,8.17,305.31,228.71,-0.44%,315979
416,"SNPS",57624.78,152.40,151.48,0.20%,-19.27%,92.70%,0.55%,1.24%,2.36,793.57,375.92,-0.64%,848435
417,"SO",77856.90,1090.00,1086.79,0.10%,-4.68%,63.50%,2.61%,1.06%,2.61,4418.09,72.31,1.13%,4504808
418,"SPG",35924.43,326.94,325.57,0.10%,2.19%,83.00%,-1.80%,1.66%,3.20,1691.94,109.77,-0.16%,1145077
419,"SPGI",113012.13,324.10,318.68,0.10%,-6.18%,91.70%,-3.53%,1.30%,2.92,1425.15,340.86,-1.09%,1293057
420,"SRE",48184.91,314.73,310.86,0.04%,-29.22%,89.10%,-0.49%,1.11%,2.52,1372.45,155.34,1.44%,1187732
421,"STE",19087.94,99.72,98.41,0.10%,-2.71%,95.90%,0.33%,2.41%,4.39,541.43,193.10,0.44%,241208
422,"STLD",17710.32,174.71,165.28,5.80%,-0.25%,85.70%,-3.35%,3.01%,2.63,1889.42,103.43,0.20%,1669197
423,"STT",26039.11,359.14,343.29,0.10%,-9.35%,91.60%,-0.58%,1.45%,1.65,3015.82,76.16,0.75%,2163764
424,"STX",13392.62,206.00,205.30,0.40%,-4.24%,87.80%,-0.78%,4.77%,3.87,2529.53,64.40,-0.71%,1023739
425,"STZ",40855.28,189.88,149.71,7.80%,-55.77%,73.70%,1.80%,1.51%,1.64,1377.82,224.64,1.45%,2025486
426,"SWK",11398.31,147.53,147.16,0.20%,-2.49%,91.80%,1.84%,5.93%,4.57,1906.51,74.29,-0.24%,1403996
427,"SWKS",17901.74,159.80,158.33,0.20%,-2.79%,78.90%,1.45%,2.40%,2.07,1838.03,111.35,-1.00%,1249528
428,"SYF",12455.42,445.30,434.04,0.40%,-15.20%,,-4.53%,3.32%,2.46,5853.03,28.62,0.42%,5320326
429,"SYK",109197.57,378.50,371.63,0.10%,-62.76%,79.80%,1.53%,1.61%,4.47,1340.94,287.68,-0.12%,1113434
430,"SYY",39314.20,507.61,506.18,0.20%,-8.08%,84.30%,-1.07%,2.54%,5.45,2355.91,77.27,-0.23%,2125447
431,"T",141704.60,7170.50,7117.47,0.08%,0.00%,54.40%,-0.89%,1.20%,2.67,32061.12,19.65,-1.16%,29719475
432,"TAP",10673.02,216.60,166.08,0.10%,0.00%,87.20%,-2.52%,4.31%,4.32,1656.54,52.15,-0.67%,1068630
433,"TDG",39453.71,57.10,52.69,0.30%,-77.94%,98.00%,1.68%,2.23%,3.45,339.90,724.32,0.24%,175877
434,"TDY",20385.67,46.80,46.26,0.30%,-26.47%,93.90%,-1.56%,1.32%,3.36,182.08,433.83,0.02%,321918
435,"TECH",11644.80,157.01,155.74,0.80%,-0.67%,97.90%,2.02%,1.66%,2.61,991.07,75.65,2.17%,1046979
436,"TEL",39395.73,317.00,315.82,0.20%,-10.90%,95.50%,-4.08%,1.55%,2.68,1829.04,123.96,-0.43%,1559008
437,"TER",15767.25,155.76,154.85,0.30%,-18.59%,,-1.33%,2.59%,2.44,1646.29,100.39,-0.83%,1216779
438,"TFC",42526.97,1326.77,1322.79,0.10%,-1.67%,75.30%,-0.15%,1.42%,1.50,12524.53,32.74,2.25%,10842689
439,"TFX",12313.41,46.91,46.81,0.22%,-13.62%,97.20%,-10.03%,2.57%,3.51,342.64,262.49,0.12%,312036
440,"TGT",76070.76,460.60,459.38,0.20%,-7.14%,81.90%,1.90%,1.97%,2.81,3226.53,165.58,0.21%,2552126
441,"TJX",89946.38,1158.18,1151.70,0.10%,-5.69%,94.80%,0.62%,0.51%,1.11,5330.95,78.05,0.01%,3085900
442,"TMO",223494.70,392.00,384.43,0.10%,-30.18%,91.00%,0.05%,0.75%,2.09,1380.01,575.35,-0.78%,780738
443,"TMUS",181834.50,1240.71,589.74,0.30%,-6.80%,42.60%,-1.01%,3.83%,4.28,5280.73,149.61,0.33%,4263507
444,"TPR",9558.56,239.30,233.64,0.50%,-0.13%,96.70%,3.58%,4.09%,2.86,3335.07,40.13,-0.89%,4601127
445,"TRGP",17033.84,226.40,222.93,0.70%,-14.61%,90.80%,1.38%,1.71%,2.31,1646.56,74.93,-0.46%,1027576
446,"TRMB",12140.12,247.10,245.71,0.20%,-1.48%,95.70%,-0.83%,0.88%,1.68,1279.00,48.96,-0.41%,1414416
447,"TROW",24603.99,223.90,219.11,0.80%,-2.68%,79.40%,1.55%,9.11%,11.22,1780.36,109.22,-0.34%,978780
448,"TRV",39527.40,233.10,230.20,0.20%,-43.56%,85.10%,-0.71%,1.58%,2.34,1556.12,171.27,0.56%,787159
449,"TSCO",25773.21,110.36,109.81,0.10%,-42.45%,88.70%,2.10%,4.20%,4.43,1041.59,235.63,0.47%,986498
450,"TSLA",587004.76,3160.00,2642.27,0.10%,-92.93%,44.80%,1.99%,3.29%,0.50,172518.00,185.06,-0.25%,123519227
451,"TSN",21323.09,356.00,282.91,1.20%,-0.27%,86.30%,-0.76%,1.56%,1.40,3160.43,59.61,-0.58%,1897406
452,"TT",39055.00,230.20,227.99,0.10%,-23.47%,88.40%,1.03%,1.15%,1.76,1494.66,170.68,0.11%,2860059
453,"TTWO",20406.12,168.00,164.85,0.10%,-0.18%,92.50%,1.97%,3.07%,2.86,1769.21,119.00,-1.64%,1508367
454,"TXN",160781.79,907.00,905.72,0.21%,-0.79%,86.70%,-1.36%,1.94%,3.31,5307.08,178.12,0.52%,3742992
455,"TXT",13932.01,208.33,204.14,0.45%,-23.46%,86.80%,-13.24%,2.34%,3.30,1444.25,67.71,-0.27%,1563176
456,"TYL",14567.11,41.61,41.18,0.30%,-25.13%,93.00%,1.22%,1.92%,2.74,288.34,352.80,1.46%,170943
457,"UAL",13747.61,327.00,325.89,0.30%,-1.12%,60.70%,-5.83%,4.87%,1.85,8566.01,42.66,1.50%,6300972
458,"UDR",13351.18,325.55,323.63,0.30%,-1.99%,,-2.28%,1.55%,2.03,2470.35,40.68,0.30%,1732394
459,"UHS",9094.96,71.17,61.81,1.70%,-0.20%,,-3.06%,2.90%,2.84,633.32,128.08,-0.48%,392088
460,"ULTA",26808.09,50.62,50.17,0.10%,-34.71%,96.80%,1.39%,2.41%,2.06,587.44,520.95,-2.47%,736117
461,"UNH",475031.29,934.00,929.88,0.10%,-0.11%,89.70%,-0.69%,0.58%,1.50,3576.76,512.81,0.70%,3471270
462,"UNP",118832.41,612.50,609.91,0.10%,-0.19%,80.60%,-1.13%,0.84%,1.41,3632.82,198.64,2.28%,3280010
463,"UPS",162256.12,865.00,718.47,0.01%,-56.46%,72.50%,-0.45%,1.53%,3.51,3135.00,188.58,-0.43%,2206113
464,"URI",24371.52,69.39,68.94,0.20%,-18.18%,93.90%,-0.68%,4.51%,3.40,914.64,355.27,1.14%,1494332
465,"USB",53781.23,1531.79,1529.00,0.15%,-6.59%,74.10%,-0.68%,0.80%,0.95,12960.20,35.75,1.82%,12002121
466,"V",469620.79,2060.78,1613.56,0.15%,-7.43%,98.90%,0.69%,2.03%,5.20,6294.90,225.99,-0.96%,4284649
467,"VFC",8449.48,387.74,387.27,0.10%,17.38%,90.60%,0.45%,3.99%,1.78,8654.22,21.35,-1.79%,6010195
468,"VICI",32255.04,1004.20,999.84,0.42%,0.00%,98.60%,-4.55%,2.80%,4.24,6611.26,32.32,0.62%,4631423
469,"VLO",49692.08,380.00,365.74,0.20%,-4.98%,82.50%,-1.41%,3.46%,2.90,4374.13,132.59,-1.85%,3168613
470,"VMC",21828.48,133.00,132.62,0.17%,-0.87%,92.20%,0.46%,0.97%,1.58,816.90,164.93,0.53%,877222
471,"VRSK",29617.93,156.03,153.15,0.30%,-4.14%,93.80%,-3.20%,7.55%,10.63,1088.24,190.42,-0.54%,859022
472,"VRSN",22279.68,105.50,104.83,1.10%,-9.74%,95.50%,-2.14%,1.12%,1.99,590.52,213.06,0.29%,256979
473,"VRTX",82769.55,257.00,256.21,0.10%,-27.31%,95.70%,1.22%,1.14%,2.30,1272.56,321.66,-0.09%,912001
474,"VTR",16787.69,399.66,397.86,0.54%,-1.54%,95.10%,-0.59%,2.39%,4.25,2237.50,42.63,1.57%,1774556
475,"VTRS",11728.81,1213.00,1193.82,0.28%,-0.73%,77.10%,2.14%,1.98%,2.44,9686.53,9.92,1.22%,9230653
476,"VZ",168457.21,4205.00,4198.77,0.03%,-1.75%,63.80%,-1.61%,1.01%,2.12,19982.80,39.48,-1.57%,21540919
477,"WAB",17418.03,181.00,174.07,0.50%,-18.02%,94.70%,-0.09%,0.96%,1.71,974.07,96.36,-0.23%,488824
478,"WAT",17841.00,59.34,58.60,0.10%,3.71%,91.40%,-0.12%,2.91%,4.57,372.94,300.00,-0.88%,307358
479,"WBA",31164.02,862.60,714.48,0.30%,-0.64%,59.80%,-0.06%,4.46%,4.61,6903.41,35.78,-0.94%,5631761
480,"WBD",36022.54,2435.00,1867.51,0.60%,0.00%,56.30%,-0.00%,3.67%,3.52,19494.40,15.11,2.16%,21818914
481,"WDC",11195.28,318.00,316.77,0.70%,0.00%,89.60%,2.94%,2.50%,1.81,4374.15,35.15,0.26%,4662439
482,"WEC",31019.32,315.40,315.03,0.14%,-1.15%,76.50%,-0.09%,1.36%,3.09,1385.98,98.64,0.31%,1250562
483,"WELL",34619.47,483.31,472.18,0.07%,0.00%,98.82%,1.00%,2.60%,5.32,2309.33,71.55,1.40%,1858216
484,"WFC",139336.70,3799.80,3752.00,0.20%,-0.48%,74.60%,1.33%,0.80%,1.28,23468.69,37.90,2.74%,23475649
485,"WHR",7056.91,54.70,53.52,1.04%,-0.27%,96.70%,-2.94%,8.59%,6.07,757.42,127.45,-1.54%,559274
486,"WM",66229.93,409.20,405.67,0.10%,-8.37%,87.80%,5.35%,1.14%,2.44,1890.41,163.66,0.52%,3290525
487,"WMB",36483.73,1218.84,1143.64,0.35%,-0.37%,88.10%,0.88%,1.75%,2.72,7352.92,29.65,-0.97%,6627891
488,"WMT",403459.38,2697.00,1383.27,0.90%,-78.78%,32.90%,-0.56%,0.72%,1.50,6655.01,150.80,0.75%,5961995
489,"WRB",16505.07,276.62,202.26,5.70%,0.00%,71.00%,1.03%,1.77%,2.40,1492.02,63.10,0.72%,1311072
490,"WRK",7649.67,254.70,251.19,0.10%,-18.82%,90.60%,0.91%,1.49%,1.56,2391.82,30.06,0.07%,1659439
491,"WST",25754.03,74.40,73.57,0.20%,-37.46%,95.50%,-1.61%,2.13%,2.66,589.38,344.72,-0.59%,462143
492,"WTW",25159.66,109.00,105.76,0.30%,-10.66%,98.40%,-0.47%,0.80%,1.55,547.82,236.73,0.28%,396251
493,"WY",21678.86,735.65,725.47,0.10%,-0.25%,85.20%,0.18%,1.48%,2.42,4449.83,29.85,0.91%,2918726
494,"WYNN",12345.84,112.31,96.11,0.30%,-10.85%,66.40%,-0.77%,8.92%,3.40,2524.49,109.12,0.48%,1390602
495,"XEL",39105.13,550.00,546.12,0.10%,-0.34%,79.90%,0.35%,1.47%,2.64,3027.55,71.27,0.21%,2442318
496,"XOM",476264.44,4139.00,4065.69,0.10%,-0.47%,59.80%,0.67%,0.86%,2.05,17184.38,115.05,-1.66%,15775522
497,"XRAY",8448.51,215.20,213.66,0.60%,0.16%,,1.66%,5.47%,5.71,2048.14,39.54,0.79%,2465747
498,"XYL",18110.97,180.20,178.75,0.10%,-32.30%,91.70%,0.85%,6.71%,6.85,1750.67,100.26,-0.01%,1260002
499,"YUM",36957.62,283.00,277.20,0.12%,-4.47%,80.10%,-8.01%,1.37%,2.46,1538.93,132.10,0.12%,1080540
500,"ZBH",26978.45,209.90,209.70,0.10%,-13.84%,92.10%,-0.06%,1.60%,2.37,1412.46,129.17,0.45%,780982
501,"ZBRA",15427.36,51.67,51.34,0.60%,-0.51%,91.00%,0.26%,1.33%,1.91,359.51,300.26,0.04%,184331
502,"ZION",4240.10,148.73,147.18,1.00%,-2.57%,85.20%,2.29%,5.74%,2.15,3920.26,29.39,2.65%,5847876
503,"ZTS",77687.06,465.56,462.41,0.21%,-1.33%,94.50%,0.02%,0.96%,2.04,2167.18,168.94,0.77%,1594461
